# x_mm,y_mm (tab top at y=0)
146.634,119.070
146.331,118.898
146.106,118.639
145.989,118.325
145.960,117.987
145.985,117.644
146.037,117.300
146.082,116.956
146.103,116.612
146.106,116.268
146.093,115.924
146.046,115.580
145.945,115.236
145.794,114.892
145.601,114.551
145.358,114.221
145.061,113.930
144.730,113.710
144.389,113.573
144.045,113.492
143.701,113.446
143.357,113.446
143.013,113.491
142.669,113.564
142.325,113.660
141.981,113.754
141.637,113.800
141.293,113.781
140.949,113.734
140.605,113.702
140.261,113.690
139.917,113.689
139.573,113.694
139.229,113.715
138.885,113.760
138.541,113.813
138.197,113.846
137.853,113.858
137.509,113.860
137.165,113.860
136.821,113.860
136.477,113.858
136.133,113.846
135.789,113.813
135.445,113.760
135.101,113.715
134.757,113.694
134.413,113.689
134.069,113.686
133.725,113.674
133.381,113.641
133.037,113.588
132.693,113.543
132.349,113.522
132.005,113.514
131.661,113.502
131.317,113.469
130.973,113.416
130.629,113.371
130.285,113.348
129.941,113.331
129.597,113.297
129.253,113.244
128.909,113.197
128.565,113.164
128.221,113.126
127.877,113.072
127.533,113.021
127.189,112.979
126.846,112.928
126.502,112.869
126.158,112.815
125.814,112.757
125.470,112.697
125.126,112.643
124.782,112.585
124.438,112.525
124.094,112.470
123.750,112.412
123.406,112.346
123.062,112.279
122.718,112.212
122.374,112.154
122.030,112.098
121.686,112.035
121.342,111.967
120.998,111.896
120.654,111.817
120.310,111.735
119.966,111.659
119.622,111.589
119.278,111.513
118.934,111.432
118.590,111.352
118.246,111.281
117.902,111.212
117.558,111.142
117.214,111.073
116.870,110.997
116.526,110.914
116.182,110.829
115.838,110.744
115.494,110.664
115.150,110.592
114.806,110.520
114.462,110.440
114.118,110.355
113.774,110.270
113.430,110.184
113.086,110.098
112.742,110.012
112.398,109.926
112.054,109.840
111.710,109.754
111.366,109.668
111.022,109.582
110.678,109.496
110.334,109.410
109.990,109.323
109.646,109.236
109.302,109.144
108.958,109.044
108.614,108.944
108.270,108.852
107.926,108.764
107.582,108.675
107.238,108.579
106.894,108.478
106.550,108.381
106.206,108.292
105.862,108.204
105.518,108.112
105.174,108.012
104.830,107.912
104.486,107.816
104.142,107.717
103.798,107.609
103.454,107.496
103.110,107.383
102.766,107.275
102.422,107.176
102.078,107.080
101.734,106.980
101.390,106.880
101.046,106.784
100.702,106.682
100.358,106.564
100.014,106.438
99.670,106.320
99.326,106.207
98.982,106.083
98.639,105.956
98.295,105.835
97.951,105.719
97.607,105.604
97.263,105.490
96.919,105.375
96.575,105.260
96.231,105.142
95.887,105.016
95.543,104.883
95.199,104.752
94.855,104.627
94.511,104.500
94.167,104.367
93.823,104.236
93.479,104.111
93.135,103.984
92.791,103.851
92.447,103.720
92.103,103.595
91.759,103.464
91.415,103.320
91.071,103.169
90.727,103.026
90.383,102.887
90.039,102.748
89.695,102.608
89.351,102.456
89.007,102.292
88.663,102.126
88.319,101.967
87.975,101.820
87.631,101.674
87.287,101.515
86.943,101.347
86.599,101.175
86.255,101.003
85.911,100.832
85.567,100.661
85.223,100.495
84.879,100.335
84.535,100.171
84.191,99.991
83.847,99.807
83.503,99.629
83.159,99.456
82.815,99.283
82.471,99.111
82.127,98.939
81.783,98.763
81.439,98.578
81.095,98.381
80.751,98.183
80.407,97.996
80.063,97.813
79.719,97.620
79.375,97.420
79.031,97.225
78.687,97.031
78.343,96.831
77.999,96.626
77.655,96.420
77.311,96.213
76.967,96.006
76.623,95.793
76.279,95.574
75.935,95.357
75.591,95.146
75.247,94.932
74.903,94.710
74.559,94.482
74.215,94.253
73.871,94.027
73.527,93.807
73.183,93.590
72.839,93.361
72.495,93.119
72.151,92.880
71.807,92.646
71.463,92.410
71.119,92.165
70.775,91.916
70.432,91.673
70.088,91.429
69.744,91.180
69.400,90.934
69.056,90.692
68.712,90.445
68.368,90.197
68.024,89.953
67.680,89.708
67.336,89.455
66.992,89.192
66.648,88.921
66.304,88.649
65.960,88.384
65.616,88.122
65.272,87.853
64.928,87.579
64.584,87.304
64.240,87.029
63.896,86.757
63.552,86.492
63.208,86.228
62.864,85.954
62.520,85.666
62.176,85.380
61.832,85.096
61.488,84.807
61.144,84.521
60.800,84.244
60.456,83.966
60.112,83.687
59.768,83.392
59.424,83.081
59.080,82.775
58.736,82.485
58.392,82.187
58.048,81.869
57.704,81.551
57.360,81.253
57.016,80.962
56.672,80.652
56.328,80.325
55.984,80.004
55.640,79.705
55.296,79.414
54.952,79.104
54.608,78.771
54.264,78.429
53.920,78.085
53.576,77.741
53.232,77.397
52.888,77.053
52.544,76.709
52.200,76.365
51.856,76.021
51.512,75.677
51.168,75.333
50.824,74.989
50.480,74.645
50.136,74.301
49.792,73.957
49.448,73.613
49.104,73.269
48.760,72.925
48.416,72.581
48.072,72.237
47.729,71.893
47.390,71.549
47.067,71.205
46.769,70.861
46.477,70.518
46.167,70.174
45.835,69.830
45.498,69.486
45.175,69.142
44.877,68.798
44.586,68.454
44.276,68.110
43.948,67.766
43.627,67.422
43.329,67.078
43.040,66.734
42.740,66.390
42.441,66.046
42.152,65.702
41.856,65.358
41.544,65.014
41.239,64.670
40.948,64.326
40.652,63.982
40.340,63.638
40.037,63.294
39.758,62.950
39.493,62.606
39.225,62.262
38.943,61.918
38.654,61.574
38.370,61.230
38.083,60.886
37.794,60.542
37.514,60.198
37.237,59.854
36.959,59.510
36.675,59.166
36.377,58.822
36.080,58.478
35.802,58.134
35.539,57.790
35.280,57.446
35.021,57.102
34.756,56.758
34.485,56.414
34.213,56.070
33.948,55.726
33.686,55.382
33.417,55.038
33.144,54.694
32.876,54.350
32.615,54.006
32.356,53.662
32.098,53.318
31.840,52.974
31.582,52.630
31.324,52.286
31.066,51.942
30.808,51.598
30.550,51.254
30.292,50.910
30.034,50.566
29.777,50.222
29.523,49.878
29.280,49.534
29.053,49.190
28.831,48.846
28.590,48.502
28.326,48.158
28.062,47.814
27.811,47.470
27.576,47.126
27.347,46.782
27.105,46.438
26.854,46.094
26.607,45.750
26.376,45.406
26.157,45.062
25.931,44.718
25.689,44.374
25.441,44.030
25.201,43.686
24.969,43.342
24.740,42.998
24.519,42.654
24.311,42.311
24.113,41.967
23.904,41.623
23.676,41.279
23.448,40.935
23.221,40.591
22.991,40.247
22.771,39.903
22.567,39.559
22.356,39.215
22.131,38.871
21.913,38.527
21.718,38.183
21.529,37.839
21.323,37.495
21.098,37.151
20.879,36.807
20.675,36.463
20.464,36.119
20.237,35.775
20.012,35.431
19.798,35.087
19.590,34.743
19.384,34.399
19.177,34.055
18.971,33.711
18.765,33.367
18.562,33.023
18.365,32.679
18.172,32.335
17.974,31.991
17.776,31.647
17.588,31.303
17.401,30.959
17.195,30.615
16.971,30.271
16.753,29.927
16.560,29.583
16.383,29.239
16.209,28.895
16.029,28.551
15.833,28.207
15.620,27.863
15.401,27.519
15.188,27.175
14.977,26.831
14.761,26.487
14.541,26.143
14.329,25.799
14.122,25.455
13.918,25.111
13.726,24.767
13.546,24.423
13.368,24.079
13.183,23.735
12.985,23.391
12.786,23.047
12.594,22.703
12.398,22.359
12.198,22.015
12.005,21.671
11.822,21.327
11.635,20.983
11.438,20.639
11.240,20.295
11.053,19.951
10.870,19.607
10.677,19.263
10.478,18.919
10.286,18.575
10.106,18.231
9.929,17.887
9.743,17.543
9.546,17.199
9.348,16.855
9.163,16.511
8.987,16.167
8.815,15.823
8.643,15.479
8.471,15.135
8.299,14.791
8.125,14.447
7.945,14.104
7.753,13.760
7.554,13.416
7.362,13.072
7.182,12.728
7.005,12.384
6.819,12.040
6.622,11.696
6.423,11.352
6.230,11.008
6.034,10.664
5.834,10.320
5.642,9.976
5.462,9.632
5.285,9.288
5.099,8.944
4.900,8.600
4.695,8.256
4.490,7.912
4.286,7.568
4.090,7.224
3.897,6.880
3.698,6.536
3.499,6.192
3.306,5.848
3.110,5.504
2.906,5.160
2.701,4.816
2.496,4.472
2.297,4.128
2.109,3.784
1.926,3.440
1.729,3.096
1.517,2.752
1.299,2.408
1.093,2.064
0.901,1.720
0.718,1.376
0.565,1.032
0.471,0.688
0.423,0.344
0.370,0.000
0.283,-0.344
0.185,-0.688
0.119,-1.032
0.093,-1.376
0.087,-1.720
0.085,-2.064
0.080,-2.408
0.059,-2.752
0.014,-3.096
-0.033,-3.440
-0.045,-3.784
-0.004,-4.128
0.076,-4.472
0.195,-4.816
0.378,-5.160
0.636,-5.504
0.939,-5.848
1.237,-6.192
1.500,-6.536
1.724,-6.880
1.909,-7.224
2.042,-7.568
2.115,-7.912
2.136,-8.256
2.115,-8.600
2.041,-8.944
1.903,-9.287
1.697,-9.629
1.428,-9.962
1.113,-10.273
0.788,-10.564
0.486,-10.863
0.235,-11.186
0.054,-11.524
-0.058,-11.868
-0.138,-12.212
-0.231,-12.556
-0.321,-12.899
-0.347,-13.240
-0.254,-13.565
-0.035,-13.835
0.267,-14.007
0.603,-14.081
0.946,-14.100
1.290,-14.103
1.634,-14.103
1.978,-14.104
2.322,-14.104
2.666,-14.104
3.010,-14.104
3.354,-14.104
3.698,-14.104
4.042,-14.104
4.386,-14.104
4.730,-14.104
5.074,-14.104
5.418,-14.104
5.762,-14.104
6.106,-14.104
6.450,-14.104
6.794,-14.104
7.138,-14.104
7.482,-14.104
7.826,-14.104
8.170,-14.104
8.514,-14.104
8.858,-14.104
9.202,-14.104
9.546,-14.104
9.890,-14.104
10.234,-14.104
10.578,-14.104
10.922,-14.104
11.266,-14.104
11.610,-14.104
11.954,-14.104
12.298,-14.104
12.642,-14.104
12.986,-14.104
13.330,-14.104
13.674,-14.104
14.018,-14.104
14.361,-14.104
14.705,-14.104
15.049,-14.104
15.393,-14.104
15.737,-14.104
16.081,-14.104
16.425,-14.104
16.769,-14.104
17.113,-14.104
17.457,-14.104
17.801,-14.104
18.145,-14.104
18.489,-14.104
18.833,-14.104
19.177,-14.104
19.521,-14.104
19.865,-14.104
20.209,-14.104
20.553,-14.104
20.897,-14.104
21.241,-14.104
21.585,-14.104
21.929,-14.104
22.273,-14.104
22.617,-14.104
22.961,-14.104
23.305,-14.104
23.649,-14.104
23.993,-14.104
24.337,-14.104
24.681,-14.104
25.025,-14.104
25.369,-14.104
25.713,-14.104
26.057,-14.104
26.401,-14.104
26.745,-14.104
27.089,-14.104
27.433,-14.104
27.777,-14.104
28.121,-14.104
28.465,-14.104
28.809,-14.104
29.153,-14.104
29.497,-14.104
29.841,-14.104
30.185,-14.104
30.529,-14.104
30.873,-14.104
31.217,-14.104
31.561,-14.104
31.905,-14.104
32.249,-14.104
32.593,-14.104
32.937,-14.104
33.281,-14.104
33.625,-14.104
33.969,-14.104
34.313,-14.104
34.657,-14.104
35.001,-14.104
35.345,-14.104
35.689,-14.104
36.033,-14.104
36.377,-14.104
36.721,-14.104
37.065,-14.104
37.409,-14.104
37.753,-14.104
38.097,-14.104
38.441,-14.104
38.785,-14.104
39.129,-14.104
39.473,-14.104
39.817,-14.104
40.161,-14.104
40.505,-14.104
40.849,-14.104
41.193,-14.104
41.537,-14.104
41.881,-14.104
42.225,-14.104
42.568,-14.104
42.912,-14.104
43.256,-14.104
43.600,-14.104
43.944,-14.104
44.288,-14.104
44.632,-14.104
44.976,-14.104
45.320,-14.104
45.664,-14.104
46.008,-14.104
46.352,-14.104
46.696,-14.104
47.040,-14.104
47.384,-14.104
47.728,-14.104
48.072,-14.104
48.416,-14.104
48.760,-14.104
49.104,-14.104
49.448,-14.104
49.792,-14.104
50.136,-14.104
50.480,-14.104
50.824,-14.104
51.168,-14.104
51.512,-14.104
51.856,-14.104
52.200,-14.104
52.544,-14.104
52.888,-14.104
53.232,-14.104
53.576,-14.104
53.920,-14.104
54.264,-14.104
54.608,-14.104
54.952,-14.104
55.296,-14.104
55.640,-14.104
55.984,-14.104
56.328,-14.104
56.672,-14.104
57.016,-14.104
57.360,-14.104
57.704,-14.104
58.048,-14.104
58.392,-14.104
58.736,-14.104
59.080,-14.104
59.424,-14.104
59.768,-14.104
60.112,-14.104
60.456,-14.104
60.800,-14.104
61.144,-14.104
61.488,-14.104
61.832,-14.104
62.176,-14.104
62.520,-14.104
62.864,-14.104
63.208,-14.104
63.552,-14.104
63.896,-14.104
64.240,-14.104
64.584,-14.104
64.928,-14.104
65.272,-14.103
65.616,-14.103
65.960,-14.097
66.304,-14.077
66.648,-14.034
66.992,-13.992
67.336,-13.991
67.680,-14.028
68.024,-14.050
68.368,-14.031
68.712,-14.004
69.056,-14.015
69.400,-14.045
69.744,-14.043
70.088,-14.001
70.432,-13.958
70.775,-13.938
71.119,-13.932
71.463,-13.932
71.807,-13.932
72.151,-13.932
72.495,-13.932
72.839,-13.932
73.183,-13.932
73.527,-13.932
73.871,-13.932
74.215,-13.932
74.559,-13.932
74.903,-13.932
75.247,-13.932
75.591,-13.932
75.935,-13.932
76.279,-13.932
76.623,-13.932
76.967,-13.932
77.311,-13.932
77.655,-13.932
77.999,-13.932
78.343,-13.932
78.687,-13.932
79.031,-13.932
79.375,-13.932
79.719,-13.932
80.063,-13.932
80.407,-13.932
80.751,-13.932
81.095,-13.932
81.439,-13.932
81.783,-13.932
82.127,-13.932
82.471,-13.932
82.815,-13.932
83.159,-13.932
83.503,-13.932
83.847,-13.932
84.191,-13.932
84.535,-13.932
84.879,-13.932
85.223,-13.932
85.567,-13.932
85.911,-13.932
86.255,-13.932
86.599,-13.932
86.943,-13.932
87.287,-13.932
87.631,-13.932
87.975,-13.932
88.319,-13.932
88.663,-13.932
89.007,-13.932
89.351,-13.932
89.695,-13.932
90.039,-13.932
90.383,-13.932
90.727,-13.932
91.071,-13.932
91.415,-13.932
91.759,-13.932
92.103,-13.932
92.447,-13.932
92.791,-13.932
93.135,-13.932
93.479,-13.932
93.823,-13.932
94.167,-13.932
94.511,-13.932
94.855,-13.932
95.199,-13.932
95.543,-13.932
95.887,-13.932
96.231,-13.932
96.575,-13.932
96.919,-13.932
97.263,-13.932
97.607,-13.932
97.951,-13.932
98.295,-13.932
98.639,-13.932
98.982,-13.932
99.326,-13.932
99.670,-13.932
100.014,-13.932
100.358,-13.932
100.702,-13.932
101.046,-13.932
101.390,-13.932
101.734,-13.932
102.078,-13.932
102.422,-13.932
102.766,-13.932
103.110,-13.932
103.454,-13.932
103.798,-13.932
104.142,-13.932
104.486,-13.932
104.830,-13.932
105.174,-13.932
105.518,-13.931
105.862,-13.931
106.206,-13.929
106.550,-13.918
106.894,-13.885
107.238,-13.832
107.582,-13.787
107.926,-13.766
108.270,-13.760
108.614,-13.760
108.958,-13.760
109.302,-13.760
109.646,-13.762
109.990,-13.773
110.334,-13.806
110.678,-13.858
111.022,-13.898
111.366,-13.898
111.710,-13.856
112.054,-13.790
112.398,-13.710
112.741,-13.600
113.077,-13.459
113.379,-13.299
113.596,-13.108
113.681,-12.856
113.629,-12.547
113.488,-12.211
113.324,-11.868
113.193,-11.524
113.118,-11.180
113.078,-10.836
113.031,-10.492
112.937,-10.148
112.774,-9.804
112.540,-9.460
112.271,-9.116
112.015,-8.772
111.789,-8.428
111.594,-8.084
111.427,-7.740
111.301,-7.396
111.235,-7.052
111.235,-6.708
111.304,-6.364
111.441,-6.021
111.647,-5.682
111.915,-5.359
112.224,-5.060
112.521,-4.769
112.745,-4.458
112.864,-4.126
112.905,-3.784
112.913,-3.440
112.914,-3.096
112.914,-2.752
112.915,-2.408
112.921,-2.064
112.948,-1.720
113.023,-1.376
113.161,-1.033
113.367,-0.695
113.636,-0.378
113.953,-0.109
114.291,0.097
114.634,0.242
114.977,0.340
115.313,0.432
115.615,0.565
115.831,0.771
115.910,1.053
115.832,1.379
115.617,1.720
115.326,2.064
115.025,2.408
114.740,2.752
114.462,3.096
114.187,3.440
113.912,3.784
113.636,4.128
113.361,4.472
113.087,4.816
112.815,5.160
112.556,5.504
112.314,5.848
112.093,6.192
111.885,6.536
111.689,6.880
111.517,7.224
111.368,7.568
111.229,7.912
111.095,8.256
110.969,8.600
110.855,8.944
110.751,9.288
110.661,9.632
110.585,9.976
110.534,10.320
110.512,10.664
110.507,11.008
110.507,11.352
110.513,11.696
110.540,12.040
110.612,12.384
110.740,12.727
110.912,13.071
111.128,13.409
111.400,13.725
111.717,13.995
112.055,14.200
112.398,14.339
112.742,14.413
113.086,14.441
113.430,14.446
113.774,14.441
114.118,14.420
114.462,14.373
114.806,14.308
115.150,14.236
115.494,14.150
115.838,14.052
116.182,13.955
116.526,13.859
116.870,13.756
117.214,13.644
117.558,13.530
117.902,13.416
118.246,13.301
118.590,13.186
118.934,13.072
119.278,12.957
119.622,12.842
119.966,12.728
120.310,12.613
120.654,12.498
120.998,12.384
121.342,12.270
121.686,12.163
122.030,12.065
122.374,11.976
122.718,11.889
123.062,11.803
123.406,11.718
123.750,11.635
124.094,11.559
124.438,11.490
124.782,11.420
125.126,11.352
125.470,11.285
125.814,11.227
126.158,11.193
126.502,11.182
126.846,11.180
127.189,11.180
127.533,11.180
127.877,11.180
128.221,11.182
128.565,11.193
128.909,11.227
129.253,11.286
129.597,11.354
129.941,11.432
130.285,11.530
130.629,11.643
130.973,11.772
131.317,11.921
131.661,12.085
132.005,12.257
132.349,12.440
132.693,12.648
133.037,12.886
133.381,13.148
133.719,13.430
134.042,13.719
134.341,14.005
134.631,14.303
134.937,14.625
135.248,14.964
135.539,15.308
135.807,15.651
136.060,15.995
136.301,16.339
136.534,16.683
136.762,17.027
136.983,17.371
137.190,17.715
137.385,18.059
137.581,18.403
137.779,18.747
137.963,19.091
138.123,19.435
138.269,19.779
138.417,20.123
138.568,20.467
138.712,20.811
138.850,21.155
138.989,21.499
139.125,21.843
139.262,22.187
139.393,22.531
139.514,22.875
139.630,23.219
139.741,23.563
139.845,23.907
139.941,24.251
140.040,24.595
140.147,24.939
140.257,25.283
140.360,25.627
140.453,25.971
140.540,26.315
140.626,26.659
140.712,27.003
140.796,27.347
140.873,27.691
140.935,28.035
140.990,28.379
141.050,28.723
141.108,29.067
141.162,29.411
141.220,29.755
141.268,30.099
141.301,30.443
141.339,30.787
141.393,31.131
141.438,31.475
141.461,31.819
141.478,32.163
141.512,32.507
141.565,32.851
141.610,33.195
141.631,33.539
141.636,33.883
141.637,34.227
141.637,34.571
141.637,34.915
141.637,35.259
141.636,35.603
141.631,35.947
141.610,36.291
141.565,36.635
141.512,36.979
141.479,37.323
141.467,37.667
141.463,38.011
141.451,38.355
141.418,38.699
141.363,39.043
141.306,39.387
141.252,39.731
141.192,40.075
141.134,40.419
141.079,40.763
141.016,41.107
140.949,41.451
140.880,41.795
140.811,42.139
140.741,42.482
140.666,42.826
140.583,43.170
140.497,43.514
140.408,43.858
140.312,44.202
140.210,44.546
140.113,44.890
140.017,45.234
139.913,45.578
139.802,45.922
139.688,46.266
139.573,46.610
139.458,46.954
139.342,47.298
139.219,47.642
139.082,47.986
138.933,48.330
138.785,48.674
138.641,49.018
138.493,49.362
138.342,49.706
138.197,50.050
138.050,50.394
137.892,50.738
137.723,51.082
137.548,51.426
137.362,51.770
137.163,52.114
136.958,52.458
136.753,52.802
136.546,53.146
136.338,53.490
136.125,53.834
135.901,54.178
135.666,54.522
135.420,54.866
135.165,55.210
134.908,55.554
134.650,55.898
134.391,56.242
134.128,56.586
133.850,56.930
133.553,57.273
133.254,57.612
132.965,57.935
132.666,58.233
132.343,58.519
132.005,58.808
131.661,59.090
131.317,59.356
130.973,59.609
130.629,59.849
130.285,60.078
129.941,60.293
129.597,60.489
129.253,60.669
128.909,60.843
128.565,61.013
128.221,61.177
127.877,61.325
127.533,61.455
127.189,61.573
126.846,61.687
126.502,61.795
126.158,61.892
125.814,61.976
125.470,62.047
125.126,62.103
124.782,62.160
124.438,62.215
124.094,62.254
123.750,62.287
123.406,62.334
123.062,62.387
122.718,62.420
122.374,62.431
122.030,62.431
121.686,62.420
121.342,62.387
120.998,62.334
120.654,62.288
120.310,62.262
119.966,62.235
119.622,62.189
119.278,62.131
118.934,62.076
118.590,62.014
118.246,61.937
117.902,61.853
117.558,61.767
117.214,61.681
116.870,61.594
116.526,61.501
116.182,61.398
115.838,61.287
115.494,61.172
115.150,61.057
114.806,60.939
114.462,60.809
114.118,60.661
113.774,60.501
113.430,60.344
113.086,60.198
112.742,60.051
112.398,59.892
112.054,59.720
111.710,59.535
111.366,59.338
111.022,59.140
110.678,58.953
110.334,58.770
109.990,58.573
109.646,58.359
109.302,58.134
108.958,57.908
108.614,57.690
108.270,57.479
107.926,57.266
107.582,57.041
107.238,56.807
106.894,56.562
106.550,56.314
106.206,56.074
105.862,55.840
105.518,55.603
105.174,55.358
104.830,55.112
104.486,54.878
104.142,54.657
103.798,54.434
103.454,54.194
103.110,53.943
102.766,53.697
102.422,53.473
102.078,53.268
101.734,53.057
101.390,52.831
101.046,52.612
100.702,52.412
100.358,52.214
100.014,52.010
99.670,51.805
99.326,51.604
98.982,51.419
98.639,51.258
98.295,51.108
97.951,50.949
97.607,50.782
97.263,50.619
96.919,50.467
96.575,50.326
96.231,50.189
95.887,50.058
95.543,49.937
95.199,49.822
94.855,49.710
94.511,49.607
94.167,49.514
93.823,49.427
93.479,49.342
93.135,49.263
92.791,49.191
92.447,49.124
92.103,49.066
91.759,49.032
91.415,49.021
91.071,49.018
90.727,49.018
90.383,49.021
90.039,49.032
89.695,49.066
89.351,49.125
89.007,49.197
88.663,49.293
88.320,49.437
87.982,49.643
87.665,49.912
87.396,50.229
87.190,50.567
87.052,50.910
86.977,51.254
86.950,51.598
86.944,51.942
86.943,52.286
86.945,52.630
86.957,52.974
86.992,53.318
87.057,53.662
87.142,54.006
87.242,54.350
87.361,54.694
87.494,55.038
87.633,55.382
87.778,55.726
87.936,56.070
88.105,56.414
88.277,56.758
88.452,57.102
88.638,57.446
88.837,57.790
89.042,58.134
89.253,58.478
89.478,58.822
89.719,59.166
89.967,59.510
90.212,59.854
90.463,60.198
90.729,60.542
91.005,60.886
91.288,61.230
91.587,61.574
91.886,61.918
92.175,62.262
92.474,62.606
92.797,62.949
93.135,63.288
93.479,63.611
93.823,63.909
94.167,64.201
94.511,64.511
94.855,64.842
95.199,65.172
95.543,65.483
95.887,65.772
96.231,66.059
96.575,66.348
96.919,66.629
97.263,66.905
97.607,67.181
97.951,67.455
98.295,67.730
98.639,67.998
98.982,68.260
99.326,68.517
99.670,68.772
100.014,69.019
100.358,69.255
100.702,69.489
101.046,69.728
101.390,69.970
101.734,70.203
102.078,70.430
102.422,70.661
102.766,70.887
103.110,71.104
103.454,71.322
103.798,71.542
104.142,71.754
104.486,71.962
104.830,72.169
105.174,72.376
105.518,72.589
105.862,72.808
106.206,73.025
106.550,73.234
106.894,73.440
107.238,73.640
107.582,73.833
107.926,74.029
108.270,74.230
108.614,74.425
108.958,74.618
109.302,74.817
109.646,75.015
109.990,75.200
110.334,75.376
110.678,75.550
111.022,75.730
111.366,75.922
111.710,76.121
112.054,76.313
112.398,76.493
112.742,76.666
113.086,76.838
113.430,77.010
113.774,77.182
114.118,77.354
114.462,77.526
114.806,77.698
115.150,77.870
115.494,78.041
115.838,78.205
116.182,78.357
116.526,78.501
116.870,78.654
117.214,78.817
117.558,78.984
117.902,79.143
118.246,79.289
118.590,79.436
118.934,79.593
119.278,79.753
119.622,79.905
119.966,80.049
120.310,80.201
120.654,80.362
120.998,80.519
121.342,80.665
121.686,80.810
122.030,80.961
122.374,81.109
122.718,81.249
123.062,81.388
123.406,81.525
123.750,81.663
124.094,81.801
124.438,81.938
124.782,82.076
125.126,82.213
125.470,82.351
125.814,82.489
126.158,82.625
126.502,82.762
126.846,82.893
127.189,83.018
127.533,83.145
127.877,83.280
128.221,83.417
128.565,83.554
128.909,83.689
129.253,83.816
129.597,83.941
129.941,84.071
130.285,84.205
130.629,84.330
130.973,84.448
131.317,84.564
131.661,84.680
132.005,84.801
132.349,84.928
132.693,85.050
133.037,85.157
133.381,85.259
133.725,85.368
134.069,85.481
134.413,85.594
134.757,85.702
135.101,85.801
135.445,85.897
135.789,85.997
136.133,86.097
136.477,86.189
136.821,86.276
137.165,86.362
137.509,86.448
137.853,86.534
138.197,86.620
138.541,86.705
138.885,86.785
139.229,86.857
139.573,86.929
139.917,87.008
140.261,87.090
140.605,87.166
140.949,87.236
141.293,87.312
141.637,87.395
141.981,87.481
142.325,87.570
142.669,87.666
143.013,87.764
143.357,87.850
143.701,87.922
144.045,87.992
144.389,88.061
144.733,88.127
145.077,88.186
145.421,88.225
145.765,88.258
146.109,88.305
146.453,88.358
146.797,88.391
147.141,88.402
147.485,88.398
147.829,88.369
148.172,88.283
148.510,88.111
148.827,87.853
149.096,87.538
149.301,87.200
149.440,86.857
149.515,86.513
149.542,86.169
149.546,85.825
149.535,85.481
149.501,85.137
149.443,84.793
149.377,84.449
149.311,84.105
149.262,83.764
149.268,83.434
149.376,83.143
149.599,82.926
149.902,82.799
150.238,82.746
150.581,82.732
150.925,82.730
151.269,82.731
151.613,82.743
151.957,82.776
152.301,82.831
152.645,82.888
152.989,82.944
153.333,83.014
153.677,83.095
154.021,83.181
154.365,83.267
154.709,83.353
155.053,83.439
155.396,83.525
155.740,83.611
156.084,83.697
156.428,83.783
156.772,83.869
157.116,83.955
157.460,84.041
157.804,84.127
158.148,84.213
158.492,84.298
158.836,84.385
159.180,84.470
159.524,84.557
159.868,84.643
160.212,84.729
160.556,84.818
160.900,84.914
161.244,85.016
161.588,85.113
161.932,85.209
162.276,85.309
162.620,85.409
162.964,85.505
163.308,85.602
163.652,85.704
163.996,85.805
164.340,85.912
164.684,86.034
165.028,86.155
165.372,86.253
165.716,86.311
166.060,86.334
166.404,86.338
166.748,86.327
167.091,86.295
167.428,86.251
167.737,86.246
167.989,86.344
168.183,86.564
168.362,86.866
168.576,87.195
168.846,87.511
169.163,87.783
169.501,88.002
169.844,88.187
170.188,88.362
170.532,88.534
170.876,88.710
171.220,88.897
171.564,89.103
171.908,89.326
172.252,89.560
172.596,89.807
172.940,90.067
173.284,90.346
173.628,90.655
173.971,90.987
174.309,91.329
174.627,91.673
174.904,92.017
175.144,92.361
175.375,92.705
175.601,93.049
175.805,93.393
175.981,93.737
176.135,94.081
176.276,94.425
176.412,94.769
176.538,95.113
176.642,95.457
176.728,95.801
176.826,96.145
176.967,96.489
177.153,96.833
177.348,97.177
177.487,97.521
177.528,97.865
177.475,98.209
177.357,98.553
177.214,98.896
177.084,99.240
176.984,99.584
176.923,99.928
176.888,100.272
176.849,100.616
176.794,100.960
176.736,101.304
176.677,101.648
176.598,101.992
176.504,102.336
176.417,102.680
176.331,103.024
176.221,103.368
176.079,103.712
175.922,104.056
175.744,104.400
175.538,104.744
175.320,105.088
175.105,105.432
174.885,105.776
174.655,106.120
174.415,106.464
174.162,106.808
173.899,107.152
173.627,107.496
173.352,107.840
173.078,108.184
172.801,108.528
172.521,108.872
172.225,109.216
171.908,109.559
171.590,109.895
171.292,110.201
171.001,110.439
170.690,110.606
170.358,110.750
170.016,110.917
169.672,111.109
169.328,111.305
168.984,111.490
168.640,111.662
168.296,111.821
167.952,111.968
167.608,112.113
167.264,112.264
166.920,112.412
166.576,112.556
166.232,112.704
165.888,112.856
165.544,113.004
165.200,113.158
164.856,113.317
164.512,113.452
164.168,113.557
163.824,113.666
163.480,113.790
163.136,113.914
162.792,114.031
162.448,114.147
162.104,114.261
161.760,114.376
161.416,114.491
161.072,114.605
160.728,114.716
160.384,114.820
160.040,114.916
159.696,115.018
159.352,115.136
159.008,115.261
158.664,115.376
158.320,115.480
157.976,115.592
157.632,115.719
157.288,115.852
156.944,115.977
156.600,116.096
156.256,116.214
155.912,116.340
155.568,116.475
155.225,116.612
154.881,116.749
154.537,116.884
154.193,117.011
153.849,117.137
153.505,117.275
153.161,117.424
152.817,117.571
152.473,117.710
152.129,117.841
151.785,117.960
151.441,118.074
151.097,118.199
150.753,118.332
150.409,118.469
150.065,118.603
149.721,118.729
149.377,118.847
149.033,118.960
148.689,119.063
148.345,119.139
148.001,119.177
147.657,119.189
147.313,119.185
146.970,119.155
