# Futures tab side profile, x_mm,y_mm (front V-notch at x=0, tab top at y=0), CCW
113.0000,-1.9500
113.0000,0.0000
91.9889,0.0000
88.6000,0.0000
21.9000,0.0000
18.8583,0.0000
0.0000,0.0000
0.2154,-2.4619
0.4308,-4.9238
0.4460,-5.0097
0.4611,-5.0955
0.4909,-5.1774
0.5207,-5.2593
0.5643,-5.3348
0.6078,-5.4103
0.6638,-5.4770
0.7199,-5.5438
0.7866,-5.5998
0.8534,-5.6558
1.9571,-6.4287
3.0609,-7.2016
3.0977,-7.2330
3.1345,-7.2645
3.1645,-7.3025
3.1945,-7.3404
3.2167,-7.3835
3.2388,-7.4265
3.2523,-7.4730
3.2657,-7.5195
3.2699,-7.5678
3.2741,-7.6160
3.2690,-7.6641
3.2638,-7.7122
3.2494,-7.7585
3.2351,-7.8047
3.2122,-7.8473
3.1892,-7.8899
3.1585,-7.9273
3.1277,-7.9647
2.0925,-8.9999
1.0573,-10.0351
1.0292,-10.0685
1.0012,-10.1019
0.9794,-10.1396
0.9576,-10.1774
0.9427,-10.2183
0.9278,-10.2593
0.9202,-10.3022
0.9127,-10.3451
0.9127,-10.3887
0.9127,-10.4323
0.9939,-11.3597
1.0750,-12.2872
1.0915,-12.3782
1.1081,-12.4693
1.1412,-12.5558
1.1743,-12.6423
1.2227,-12.7212
1.2712,-12.8001
1.3334,-12.8687
1.3956,-12.9373
1.4693,-12.9932
1.5431,-13.0492
1.6259,-13.0906
1.7087,-13.1320
1.7977,-13.1574
1.8868,-13.1829
1.9790,-13.1914
2.0712,-13.2000
56.7458,-13.2000
111.4203,-13.2000
111.5072,-13.1924
111.5940,-13.1848
111.6782,-13.1623
111.7623,-13.1397
111.8413,-13.1029
111.9203,-13.0660
111.9917,-13.0160
112.0631,-12.9660
112.1247,-12.9044
112.1864,-12.8428
112.2364,-12.7714
112.2864,-12.7000
112.3232,-12.6210
112.3600,-12.5420
112.3826,-12.4578
112.4051,-12.3736
112.6508,-10.9802
112.8965,-9.5868
112.9003,-9.5386
112.9040,-9.4903
112.8984,-9.4422
112.8928,-9.3941
112.8780,-9.3481
112.8632,-9.3020
112.8398,-9.2596
112.8165,-9.2172
112.7853,-9.1801
112.7542,-9.1430
112.7166,-9.1126
112.6789,-9.0823
112.6361,-9.0597
112.5932,-9.0371
112.5469,-9.0233
112.5005,-9.0094
112.4523,-9.0047
112.4041,-9.0000
110.9521,-9.0000
109.5000,-9.0000
109.2887,-8.9804
109.0774,-8.9608
108.8733,-8.9028
108.6691,-8.8447
108.4792,-8.7501
108.2892,-8.6555
108.1199,-8.5276
107.9505,-8.3997
107.8075,-8.2429
107.6646,-8.0861
107.5528,-7.9056
107.4411,-7.7252
107.3645,-7.5273
107.2878,-7.3294
107.2488,-7.1208
107.2098,-6.9122
107.2098,-6.7000
107.2098,-6.4878
107.2488,-6.2792
107.2878,-6.0706
107.3645,-5.8727
107.4411,-5.6748
107.5528,-5.4944
107.6646,-5.3139
107.8075,-5.1571
107.9505,-5.0003
108.1199,-4.8724
108.2892,-4.7445
108.4792,-4.6499
108.6691,-4.5553
108.8733,-4.4972
109.0774,-4.4392
109.2887,-4.4196
109.5000,-4.4000
111.0000,-4.4000
112.5000,-4.4000
112.5488,-4.3952
112.5975,-4.3904
112.6444,-4.3762
112.6913,-4.3619
112.7346,-4.3388
112.7778,-4.3157
112.8157,-4.2846
112.8536,-4.2536
112.8846,-4.2157
112.9157,-4.1778
112.9388,-4.1346
112.9619,-4.0913
112.9762,-4.0444
112.9904,-3.9975
112.9952,-3.9488
113.0000,-3.9000
